date,country,province,cumulative_confirmed,daily_confirmed,cumulative_deaths,daily_deaths,cumulative_recovered,daily_recovered
2020/1/22,China,Beijing,14,14,0,0,0,0
2020/1/23,China,Beijing,22,8,0,0,0,0
2020/1/24,China,Beijing,36,14,0,0,1,1
2020/1/25,China,Beijing,41,5,0,0,2,1
2020/1/26,China,Beijing,68,27,0,0,2,0
2020/1/27,China,Beijing,80,12,1,1,2,0
2020/1/28,China,Beijing,91,11,1,0,4,2
2020/1/29,China,Beijing,111,20,1,0,4,0
2020/1/30,China,Beijing,114,3,1,0,4,0
2020/1/31,China,Beijing,139,25,1,0,5,1
2020/2/1,China,Beijing,168,29,1,0,9,4
2020/2/2,China,Beijing,191,23,1,0,9,0
2020/2/3,China,Beijing,212,21,1,0,12,3
2020/2/4,China,Beijing,228,16,1,0,23,11
2020/2/5,China,Beijing,253,25,1,0,24,1
2020/2/6,China,Beijing,274,21,1,0,31,7
2020/2/7,China,Beijing,297,23,1,0,33,2
2020/2/8,China,Beijing,315,18,2,1,34,1
2020/2/9,China,Beijing,326,11,2,0,37,3
2020/2/10,China,Beijing,337,11,2,0,44,7
2020/2/11,China,Beijing,342,5,3,1,48,4
2020/2/12,China,Beijing,352,10,3,0,56,8
2020/2/13,China,Beijing,366,14,3,0,69,13
2020/2/14,China,Beijing,372,6,3,0,80,11
2020/2/15,China,Beijing,375,3,4,1,98,18
2020/2/16,China,Beijing,380,5,4,0,108,10
2020/2/17,China,Beijing,381,1,4,0,114,6
2020/2/18,China,Beijing,387,6,4,0,122,8
2020/2/19,China,Beijing,393,6,4,0,145,23
2020/2/20,China,Beijing,395,2,4,0,153,8
2020/2/21,China,Beijing,396,1,4,0,169,16
2020/2/22,China,Beijing,399,3,4,0,178,9
2020/2/23,China,Beijing,399,0,4,0,189,11
2020/2/24,China,Beijing,399,0,4,0,198,9
2020/2/25,China,Beijing,400,1,4,0,215,17
2020/2/26,China,Beijing,400,0,4,0,235,20
2020/2/27,China,Beijing,410,10,5,1,248,13
2020/2/28,China,Beijing,410,0,7,2,257,9
2020/2/29,China,Beijing,411,1,8,1,271,14
2020/3/1,China,Beijing,413,2,8,0,276,5
2020/3/2,China,Beijing,414,1,8,0,282,6
2020/3/3,China,Beijing,414,0,8,0,288,6
2020/3/4,China,Beijing,418,4,8,0,297,9
2020/3/5,China,Beijing,418,0,8,0,297,0
2020/3/6,China,Beijing,422,4,8,0,299,2
2020/3/7,China,Beijing,426,4,8,0,303,4
2020/3/8,China,Beijing,428,2,8,0,308,5
2020/3/9,China,Beijing,428,0,8,0,315,7
2020/3/10,China,Beijing,429,1,8,0,320,5
2020/3/11,China,Beijing,435,6,8,0,326,6
2020/3/12,China,Beijing,435,0,8,0,334,8
2020/3/13,China,Beijing,436,1,8,0,342,8
2020/3/14,China,Beijing,437,1,8,0,349,7
2020/3/15,China,Beijing,442,5,8,0,353,4
2020/3/16,China,Beijing,452,10,8,0,360,7
2020/3/17,China,Beijing,456,4,8,0,369,9
2020/3/18,China,Beijing,469,13,8,0,378,9
2020/3/19,China,Beijing,480,11,8,0,380,2
2020/3/20,China,Beijing,491,11,8,0,390,10
2020/3/21,China,Beijing,504,13,8,0,396,6
2020/3/22,China,Beijing,522,18,8,0,400,4
2020/3/23,China,Beijing,537,15,8,0,400,0
2020/3/24,China,Beijing,558,21,8,0,401,1
2020/3/25,China,Beijing,561,3,8,0,403,2
2020/3/26,China,Beijing,566,5,8,0,406,3
2020/3/27,China,Beijing,569,3,8,0,408,2
2020/3/28,China,Beijing,573,4,8,0,410,2
2020/3/29,China,Beijing,577,4,8,0,412,2
2020/3/30,China,Beijing,577,0,8,0,415,3
2020/3/31,China,Beijing,580,3,8,0,418,3
2020/4/1,China,Beijing,580,0,8,0,418,0
2020/4/2,China,Beijing,582,2,8,0,424,6
2020/4/3,China,Beijing,584,2,8,0,434,10
2020/4/4,China,Beijing,585,1,8,0,438,4
2020/4/5,China,Beijing,586,1,8,0,441,3
2020/4/6,China,Beijing,587,1,8,0,443,2
2020/4/7,China,Beijing,587,0,8,0,448,5
2020/4/8,China,Beijing,588,1,8,0,455,7
2020/4/9,China,Beijing,588,0,8,0,464,9
2020/4/10,China,Beijing,588,0,8,0,469,5
2020/4/11,China,Beijing,589,1,8,0,474,5
2020/4/12,China,Beijing,589,0,8,0,479,5
2020/4/13,China,Beijing,589,0,8,0,484,5
2020/4/14,China,Beijing,589,0,8,0,491,7
2020/4/15,China,Beijing,590,1,8,0,495,4
2020/4/16,China,Beijing,593,3,8,0,503,8
2020/4/17,China,Beijing,593,0,8,0,509,6
2020/4/18,China,Beijing,593,0,8,0,509,0
2020/4/19,China,Beijing,593,0,8,0,510,1
2020/4/20,China,Beijing,593,0,8,0,514,4
2020/4/21,China,Beijing,593,0,8,0,516,2
2020/4/22,China,Beijing,593,0,8,0,518,2
2020/4/23,China,Beijing,593,0,8,0,524,6
2020/4/24,China,Beijing,593,0,8,0,525,1
2020/4/25,China,Beijing,593,0,8,0,525,0
2020/4/26,China,Beijing,593,0,9,1,525,0
2020/4/27,China,Beijing,593,0,9,0,536,11
2020/4/28,China,Beijing,593,0,9,0,538,2
2020/4/29,China,Beijing,593,0,9,0,542,4
2020/4/30,China,Beijing,593,0,9,0,547,5
2020/5/1,China,Beijing,593,0,9,0,547,0
2020/5/2,China,Beijing,593,0,9,0,547,0
2020/5/3,China,Beijing,593,0,9,0,553,6
2020/5/4,China,Beijing,593,0,9,0,554,1
2020/5/5,China,Beijing,593,0,9,0,555,1
2020/5/6,China,Beijing,593,0,9,0,557,2
2020/5/7,China,Beijing,593,0,9,0,560,3
2020/5/8,China,Beijing,593,0,9,0,560,0
2020/5/9,China,Beijing,593,0,9,0,565,5
2020/5/10,China,Beijing,593,0,9,0,568,3
2020/5/11,China,Beijing,593,0,9,0,571,3
2020/5/12,China,Beijing,593,0,9,0,573,2
2020/5/13,China,Beijing,593,0,9,0,574,1
2020/5/14,China,Beijing,593,0,9,0,574,0
2020/5/15,China,Beijing,593,0,9,0,576,2
2020/5/16,China,Beijing,593,0,9,0,577,1
2020/5/17,China,Beijing,593,0,9,0,578,1
2020/5/18,China,Beijing,593,0,9,0,578,0
2020/5/19,China,Beijing,593,0,9,0,578,0
2020/5/20,China,Beijing,593,0,9,0,578,0
2020/5/21,China,Beijing,593,0,9,0,578,0
2020/5/22,China,Beijing,593,0,9,0,579,1
2020/5/23,China,Beijing,593,0,9,0,581,2
2020/5/24,China,Beijing,593,0,9,0,581,0
2020/5/25,China,Beijing,593,0,9,0,581,0
2020/5/26,China,Beijing,593,0,9,0,581,0
2020/5/27,China,Beijing,593,0,9,0,581,0
2020/5/28,China,Beijing,593,0,9,0,581,0
2020/5/29,China,Beijing,593,0,9,0,581,0
2020/5/30,China,Beijing,593,0,9,0,581,0
2020/5/31,China,Beijing,593,0,9,0,581,0
2020/6/1,China,Beijing,593,0,9,0,581,0
2020/6/2,China,Beijing,593,0,9,0,581,0
2020/6/3,China,Beijing,594,1,9,0,583,2
2020/6/4,China,Beijing,594,0,9,0,583,0
2020/6/5,China,Beijing,594,0,9,0,583,0
2020/6/6,China,Beijing,594,0,9,0,583,0
2020/6/7,China,Beijing,594,0,9,0,583,0
2020/6/8,China,Beijing,594,0,9,0,584,1
2020/6/9,China,Beijing,594,0,9,0,584,0
2020/6/10,China,Beijing,594,0,9,0,584,0
2020/6/11,China,Beijing,595,1,9,0,584,0
2020/6/12,China,Beijing,601,6,9,0,584,0
2020/6/13,China,Beijing,637,36,9,0,584,0
2020/6/14,China,Beijing,673,36,9,0,584,0
2020/6/15,China,Beijing,700,27,9,0,584,0
2020/6/16,China,Beijing,731,31,9,0,584,0
2020/6/17,China,Beijing,752,21,9,0,584,0
2020/6/18,China,Beijing,777,25,9,0,584,0
2020/6/19,China,Beijing,777,0,9,0,584,0
2020/6/20,China,Beijing,821,44,9,0,584,0
2020/6/21,China,Beijing,830,9,9,0,584,0
2020/6/22,China,Beijing,843,13,9,0,584,0
2020/6/23,China,Beijing,850,7,9,0,584,0
2020/6/24,China,Beijing,863,13,9,0,584,0
2020/6/25,China,Beijing,874,11,9,0,585,1
2020/6/26,China,Beijing,891,17,9,0,585,0
2020/6/27,China,Beijing,905,14,9,0,585,0
2020/6/28,China,Beijing,912,7,9,0,585,0
2020/6/29,China,Beijing,919,7,9,0,586,1
2020/6/30,China,Beijing,922,3,9,0,587,1
2020/7/1,China,Beijing,923,1,9,0,589,2
2020/7/2,China,Beijing,925,2,9,0,592,3
2020/7/3,China,Beijing,926,1,9,0,594,2
2020/7/4,China,Beijing,928,2,9,0,595,1
2020/7/5,China,Beijing,929,1,9,0,596,1
2020/7/6,China,Beijing,929,0,9,0,596,0
2020/7/7,China,Beijing,929,0,9,0,613,17
2020/7/8,China,Beijing,929,0,9,0,645,32
2020/7/9,China,Beijing,929,0,9,0,645,0
2020/7/10,China,Beijing,929,0,9,0,645,0
2020/7/11,China,Beijing,929,0,9,0,680,35
2020/7/12,China,Beijing,929,0,9,0,694,14
2020/7/13,China,Beijing,929,0,9,0,694,0
2020/7/14,China,Beijing,929,0,9,0,729,35
2020/7/15,China,Beijing,929,0,9,0,752,23
2020/7/16,China,Beijing,929,0,9,0,762,10
2020/7/17,China,Beijing,929,0,9,0,775,13
2020/7/18,China,Beijing,929,0,9,0,788,13
2020/7/19,China,Beijing,929,0,9,0,804,16
2020/7/20,China,Beijing,929,0,9,0,816,12
2020/7/21,China,Beijing,929,0,9,0,833,17
2020/7/22,China,Beijing,929,0,9,0,841,8
2020/7/23,China,Beijing,929,0,9,0,855,14
2020/7/24,China,Beijing,929,0,9,0,867,12
2020/7/25,China,Beijing,929,0,9,0,878,11
2020/7/26,China,Beijing,929,0,9,0,881,3
2020/7/27,China,Beijing,931,2,9,0,895,14
2020/7/28,China,Beijing,932,1,9,0,896,1
2020/7/29,China,Beijing,933,1,9,0,901,5
2020/7/30,China,Beijing,933,0,9,0,911,10
2020/7/31,China,Beijing,933,0,9,0,915,4
2020/8/1,China,Beijing,933,0,9,0,917,2
2020/8/2,China,Beijing,933,0,9,0,917,0
2020/8/3,China,Beijing,933,0,9,0,918,1
2020/8/4,China,Beijing,934,1,9,0,919,1
2020/8/5,China,Beijing,934,0,9,0,919,0
2020/8/6,China,Beijing,935,1,9,0,920,1
2020/8/7,China,Beijing,935,0,9,0,920,0
2020/8/8,China,Beijing,935,0,9,0,920,0
2020/8/9,China,Beijing,935,0,9,0,920,0
2020/8/10,China,Beijing,935,0,9,0,920,0
2020/8/11,China,Beijing,935,0,9,0,920,0
2020/8/12,China,Beijing,935,0,9,0,920,0
2020/8/13,China,Beijing,935,0,9,0,922,2
2020/8/14,China,Beijing,935,0,9,0,923,1
2020/8/15,China,Beijing,935,0,9,0,923,0
2020/8/16,China,Beijing,935,0,9,0,923,0
2020/8/17,China,Beijing,935,0,9,0,924,1
2020/8/18,China,Beijing,935,0,9,0,924,0
2020/8/19,China,Beijing,935,0,9,0,924,0
2020/8/20,China,Beijing,935,0,9,0,924,0
2020/8/21,China,Beijing,935,0,9,0,924,0
2020/8/22,China,Beijing,935,0,9,0,924,0
2020/8/23,China,Beijing,935,0,9,0,924,0
2020/8/24,China,Beijing,935,0,9,0,924,0
2020/8/25,China,Beijing,935,0,9,0,926,2
2020/8/26,China,Beijing,935,0,9,0,926,0
2020/8/27,China,Beijing,935,0,9,0,926,0
2020/8/28,China,Beijing,935,0,9,0,926,0
2020/8/29,China,Beijing,935,0,9,0,926,0
2020/8/30,China,Beijing,935,0,9,0,926,0
2020/8/31,China,Beijing,935,0,9,0,926,0
2020/9/1,China,Beijing,935,0,9,0,926,0
2020/9/2,China,Beijing,935,0,9,0,926,0
2020/9/3,China,Beijing,935,0,9,0,926,0
2020/9/4,China,Beijing,935,0,9,0,926,0
2020/9/5,China,Beijing,935,0,9,0,926,0
2020/9/6,China,Beijing,935,0,9,0,926,0
2020/9/7,China,Beijing,935,0,9,0,926,0
2020/9/8,China,Beijing,935,0,9,0,926,0
2020/9/9,China,Beijing,935,0,9,0,926,0
2020/9/10,China,Beijing,935,0,9,0,926,0
2020/9/11,China,Beijing,935,0,9,0,926,0
2020/9/12,China,Beijing,935,0,9,0,926,0
2020/9/13,China,Beijing,935,0,9,0,926,0
2020/9/14,China,Beijing,935,0,9,0,926,0
2020/9/15,China,Beijing,935,0,9,0,926,0
2020/9/16,China,Beijing,935,0,9,0,926,0
2020/9/17,China,Beijing,935,0,9,0,926,0
2020/9/18,China,Beijing,935,0,9,0,926,0
2020/9/19,China,Beijing,935,0,9,0,926,0
2020/9/20,China,Beijing,935,0,9,0,926,0
2020/9/21,China,Beijing,935,0,9,0,926,0
2020/9/22,China,Beijing,935,0,9,0,926,0
2020/9/23,China,Beijing,935,0,9,0,926,0
2020/9/24,China,Beijing,936,1,9,0,926,0
2020/9/25,China,Beijing,936,0,9,0,926,0
2020/9/26,China,Beijing,936,0,9,0,926,0
2020/9/27,China,Beijing,936,0,9,0,926,0
2020/9/28,China,Beijing,936,0,9,0,926,0
2020/9/29,China,Beijing,936,0,9,0,926,0
2020/9/30,China,Beijing,936,0,9,0,926,0
2020/10/1,China,Beijing,936,0,9,0,926,0
2020/10/2,China,Beijing,936,0,9,0,926,0
2020/10/3,China,Beijing,936,0,9,0,926,0
2020/10/4,China,Beijing,936,0,9,0,926,0
2020/10/5,China,Beijing,936,0,9,0,926,0
2020/10/6,China,Beijing,936,0,9,0,926,0
2020/10/7,China,Beijing,936,0,9,0,926,0
2020/10/8,China,Beijing,936,0,9,0,927,1
2020/10/9,China,Beijing,936,0,9,0,927,0
2020/10/10,China,Beijing,936,0,9,0,927,0
2020/10/11,China,Beijing,937,1,9,0,927,0
2020/10/12,China,Beijing,937,0,9,0,927,0
2020/10/13,China,Beijing,937,0,9,0,927,0
2020/10/14,China,Beijing,937,0,9,0,927,0
2020/10/15,China,Beijing,937,0,9,0,927,0
2020/10/16,China,Beijing,937,0,9,0,927,0
2020/10/17,China,Beijing,937,0,9,0,927,0
2020/10/18,China,Beijing,937,0,9,0,927,0
2020/10/19,China,Beijing,938,1,9,0,927,0
2020/10/20,China,Beijing,938,0,9,0,927,0
2020/10/21,China,Beijing,938,0,9,0,927,0
2020/10/22,China,Beijing,938,0,9,0,928,1
2020/10/23,China,Beijing,940,2,9,0,928,0
2020/10/24,China,Beijing,940,0,9,0,928,0
2020/10/25,China,Beijing,940,0,9,0,928,0
2020/10/26,China,Beijing,941,1,9,0,928,0
2020/10/27,China,Beijing,941,0,9,0,928,0
2020/10/28,China,Beijing,942,1,9,0,928,0
2020/10/29,China,Beijing,942,0,9,0,929,1
2020/10/30,China,Beijing,942,0,9,0,929,0
2020/10/31,China,Beijing,942,0,9,0,929,0
2020/11/1,China,Beijing,942,0,9,0,929,0
2020/11/2,China,Beijing,944,2,9,0,929,0
2020/11/3,China,Beijing,944,0,9,0,929,0
2020/11/4,China,Beijing,945,1,9,0,929,0
2020/11/5,China,Beijing,945,0,9,0,929,0
2020/11/6,China,Beijing,945,0,9,0,929,0
2020/11/7,China,Beijing,945,0,9,0,929,0
2020/11/8,China,Beijing,945,0,9,0,929,0
2020/11/9,China,Beijing,947,2,9,0,929,0
2020/11/10,China,Beijing,947,0,9,0,931,2
2020/11/11,China,Beijing,947,0,9,0,931,0
2020/11/12,China,Beijing,947,0,9,0,932,1
2020/11/13,China,Beijing,947,0,9,0,932,0
2020/11/14,China,Beijing,947,0,9,0,932,0
2020/11/15,China,Beijing,947,0,9,0,932,0
2020/11/16,China,Beijing,947,0,9,0,933,1
2020/11/17,China,Beijing,947,0,9,0,933,0
2020/11/18,China,Beijing,947,0,9,0,935,2
2020/11/19,China,Beijing,948,1,9,0,936,1
2020/11/20,China,Beijing,948,0,9,0,936,0
2020/11/21,China,Beijing,949,1,9,0,936,0
2020/11/22,China,Beijing,950,1,9,0,936,0
2020/11/23,China,Beijing,950,0,9,0,936,0
2020/11/24,China,Beijing,950,0,9,0,936,0
2020/11/25,China,Beijing,950,0,9,0,937,1
2020/11/26,China,Beijing,950,0,9,0,937,0
2020/11/27,China,Beijing,950,0,9,0,937,0
2020/11/28,China,Beijing,950,0,9,0,937,0
2020/11/29,China,Beijing,950,0,9,0,938,1
2020/11/30,China,Beijing,951,1,9,0,938,0
2020/12/1,China,Beijing,951,0,9,0,938,0
2020/12/2,China,Beijing,951,0,9,0,938,0
2020/12/3,China,Beijing,951,0,9,0,938,0
2020/12/4,China,Beijing,952,1,9,0,939,1
2020/12/5,China,Beijing,952,0,9,0,939,0
2020/12/6,China,Beijing,952,0,9,0,939,0
2020/12/7,China,Beijing,952,0,9,0,939,0
2020/12/8,China,Beijing,952,0,9,0,939,0
2020/12/9,China,Beijing,952,0,9,0,939,0
2020/12/10,China,Beijing,952,0,9,0,939,0
2020/12/11,China,Beijing,952,0,9,0,939,0
2020/12/12,China,Beijing,954,2,9,0,940,1
2020/12/13,China,Beijing,955,1,9,0,940,0
2020/12/14,China,Beijing,956,1,9,0,940,0
2020/12/15,China,Beijing,957,1,9,0,940,0
2020/12/16,China,Beijing,957,0,9,0,940,0
2020/12/17,China,Beijing,957,0,9,0,940,0
2020/12/18,China,Beijing,959,2,9,0,940,0
2020/12/19,China,Beijing,961,2,9,0,940,0
2020/12/20,China,Beijing,961,0,9,0,940,0
2020/12/21,China,Beijing,961,0,9,0,940,0
2020/12/22,China,Beijing,961,0,9,0,941,1
2020/12/23,China,Beijing,961,0,9,0,941,0
2020/12/24,China,Beijing,961,0,9,0,941,0
2020/12/25,China,Beijing,963,2,9,0,941,0
2020/12/26,China,Beijing,971,8,9,0,941,0
2020/12/27,China,Beijing,972,1,9,0,941,0
2020/12/28,China,Beijing,979,7,9,0,941,0
2020/12/29,China,Beijing,980,1,9,0,941,0
2020/12/30,China,Beijing,982,2,9,0,943,2
2020/12/31,China,Beijing,987,5,9,0,944,1
2021/1/1,China,Beijing,988,1,9,0,944,0
2021/1/2,China,Beijing,990,2,9,0,944,0
2021/1/3,China,Beijing,992,2,9,0,944,0
2021/1/4,China,Beijing,993,1,9,0,944,0
2021/1/5,China,Beijing,994,1,9,0,945,1
2021/1/6,China,Beijing,994,0,9,0,947,2
2021/1/7,China,Beijing,995,1,9,0,947,0
2021/1/8,China,Beijing,995,0,9,0,948,1
2021/1/9,China,Beijing,996,1,9,0,950,2
2021/1/10,China,Beijing,997,1,9,0,951,1
2021/1/11,China,Beijing,998,1,9,0,951,0
2021/1/12,China,Beijing,998,0,9,0,951,0
2021/1/13,China,Beijing,999,1,9,0,951,0
2021/1/14,China,Beijing,999,0,9,0,955,4
2021/1/15,China,Beijing,1001,2,9,0,957,2
2021/1/16,China,Beijing,1003,2,9,0,958,1
2021/1/17,China,Beijing,1006,3,9,0,959,1
2021/1/18,China,Beijing,1007,1,9,0,960,1
2021/1/19,China,Beijing,1014,7,9,0,962,2
2021/1/20,China,Beijing,1017,3,9,0,964,2
2021/1/21,China,Beijing,1020,3,9,0,964,0
2021/1/22,China,Beijing,1023,3,9,0,965,1
2021/1/23,China,Beijing,1025,2,9,0,965,0
2021/1/24,China,Beijing,1028,3,9,0,966,1
2021/1/25,China,Beijing,1030,2,9,0,968,2
2021/1/26,China,Beijing,1034,4,9,0,972,4
2021/1/27,China,Beijing,1034,0,9,0,973,1
2021/1/28,China,Beijing,1035,1,9,0,973,0
2021/1/29,China,Beijing,1036,1,9,0,976,3
2021/1/30,China,Beijing,1036,0,9,0,977,1
2021/1/31,China,Beijing,1038,2,9,0,977,0
2021/2/1,China,Beijing,1039,1,9,0,977,0
2021/2/2,China,Beijing,1039,0,9,0,977,0
2021/2/3,China,Beijing,1044,5,9,0,978,1
2021/2/4,China,Beijing,1044,0,9,0,980,2
2021/2/5,China,Beijing,1044,0,9,0,983,3
2021/2/6,China,Beijing,1046,2,9,0,986,3
2021/2/7,China,Beijing,1046,0,9,0,988,2
2021/2/8,China,Beijing,1046,0,9,0,991,3
2021/2/9,China,Beijing,1046,0,9,0,994,3
2021/2/10,China,Beijing,1046,0,9,0,997,3
2021/2/11,China,Beijing,1046,0,9,0,998,1
2021/2/12,China,Beijing,1046,0,9,0,998,0
2021/2/13,China,Beijing,1046,0,9,0,1001,3
2021/2/14,China,Beijing,1046,0,9,0,1003,2
2021/2/15,China,Beijing,1046,0,9,0,1004,1
2021/2/16,China,Beijing,1046,0,9,0,1005,1
2021/2/17,China,Beijing,1046,0,9,0,1011,6
2021/2/18,China,Beijing,1046,0,9,0,1012,1
2021/2/19,China,Beijing,1046,0,9,0,1012,0
2021/2/20,China,Beijing,1046,0,9,0,1014,2
2021/2/21,China,Beijing,1047,1,9,0,1016,2
2021/2/22,China,Beijing,1047,0,9,0,1019,3
2021/2/23,China,Beijing,1047,0,9,0,1020,1
2021/2/24,China,Beijing,1047,0,9,0,1022,2
2021/2/25,China,Beijing,1047,0,9,0,1022,0
2021/2/26,China,Beijing,1047,0,9,0,1022,0
2021/2/27,China,Beijing,1047,0,9,0,1022,0
2021/2/28,China,Beijing,1049,2,9,0,1022,0
2021/3/1,China,Beijing,1049,0,9,0,1024,2
2021/3/2,China,Beijing,1049,0,9,0,1026,2
2021/3/3,China,Beijing,1049,0,9,0,1027,1
2021/3/4,China,Beijing,1049,0,9,0,1029,2
2021/3/5,China,Beijing,1049,0,9,0,1029,0
2021/3/6,China,Beijing,1049,0,9,0,1032,3
2021/3/7,China,Beijing,1049,0,9,0,1033,1
2021/3/8,China,Beijing,1049,0,9,0,1033,0
2021/3/9,China,Beijing,1049,0,9,0,1033,0
2021/3/10,China,Beijing,1049,0,9,0,1033,0
2021/3/11,China,Beijing,1049,0,9,0,1033,0
2021/3/12,China,Beijing,1049,0,9,0,1033,0
2021/3/13,China,Beijing,1049,0,9,0,1034,1
2021/3/14,China,Beijing,1049,0,9,0,1034,0
2021/3/15,China,Beijing,1049,0,9,0,1034,0
2021/3/16,China,Beijing,1049,0,9,0,1037,3
2021/3/17,China,Beijing,1049,0,9,0,1037,0
2021/3/18,China,Beijing,1049,0,9,0,1037,0
2021/3/19,China,Beijing,1049,0,9,0,1037,0
2021/3/20,China,Beijing,1049,0,9,0,1037,0
2021/3/21,China,Beijing,1049,0,9,0,1037,0
2021/3/22,China,Beijing,1049,0,9,0,1037,0
2021/3/23,China,Beijing,1049,0,9,0,1037,0
2021/3/24,China,Beijing,1049,0,9,0,1037,0
2021/3/25,China,Beijing,1049,0,9,0,1037,0
2021/3/26,China,Beijing,1049,0,9,0,1037,0
2021/3/27,China,Beijing,1049,0,9,0,1037,0
2021/3/28,China,Beijing,1049,0,9,0,1037,0
2021/3/29,China,Beijing,1049,0,9,0,1037,0
2021/3/30,China,Beijing,1049,0,9,0,1037,0
2021/3/31,China,Beijing,1049,0,9,0,1037,0
2021/4/1,China,Beijing,1049,0,9,0,1037,0
2021/4/2,China,Beijing,1050,1,9,0,1037,0
2021/4/3,China,Beijing,1050,0,9,0,1037,0
2021/4/4,China,Beijing,1052,2,9,0,1037,0
2021/4/5,China,Beijing,1052,0,9,0,1038,1
2021/4/6,China,Beijing,1053,1,9,0,1038,0
2021/4/7,China,Beijing,1053,0,9,0,1038,0
2021/4/8,China,Beijing,1054,1,9,0,1038,0
2021/4/9,China,Beijing,1055,1,9,0,1038,0
2021/4/10,China,Beijing,1056,1,9,0,1038,0
2021/4/11,China,Beijing,1057,1,9,0,1038,0
2021/4/12,China,Beijing,1057,0,9,0,1038,0
2021/4/13,China,Beijing,1057,0,9,0,1038,0
2021/4/14,China,Beijing,1057,0,9,0,1038,0
2021/4/15,China,Beijing,1057,0,9,0,1038,0
2021/4/16,China,Beijing,1057,0,9,0,1038,0
2021/4/17,China,Beijing,1057,0,9,0,1038,0
2021/4/18,China,Beijing,1057,0,9,0,1038,0
2021/4/19,China,Beijing,1057,0,9,0,1038,0
2021/4/20,China,Beijing,1057,0,9,0,1038,0
2021/4/21,China,Beijing,1057,0,9,0,1038,0
2021/4/22,China,Beijing,1057,0,9,0,1038,0
2021/4/23,China,Beijing,1057,0,9,0,1038,0
2021/4/24,China,Beijing,1057,0,9,0,1038,0
2021/4/25,China,Beijing,1057,0,9,0,1039,1
2021/4/26,China,Beijing,1057,0,9,0,1039,0
2021/4/27,China,Beijing,1057,0,9,0,1039,0
2021/4/28,China,Beijing,1057,0,9,0,1039,0
2021/4/29,China,Beijing,1057,0,9,0,1040,1
2021/4/30,China,Beijing,1057,0,9,0,1041,1
2021/5/1,China,Beijing,1057,0,9,0,1043,2
2021/5/2,China,Beijing,1057,0,9,0,1043,0
2021/5/3,China,Beijing,1057,0,9,0,1043,0
2021/5/4,China,Beijing,1057,0,9,0,1045,2
2021/5/5,China,Beijing,1057,0,9,0,1045,0
2021/5/6,China,Beijing,1057,0,9,0,1045,0
2021/5/7,China,Beijing,1057,0,9,0,1046,1
2021/5/8,China,Beijing,1057,0,9,0,1046,0
2021/5/9,China,Beijing,1057,0,9,0,1046,0
2021/5/10,China,Beijing,1057,0,9,0,1046,0
2021/5/11,China,Beijing,1057,0,9,0,1046,0
2021/5/12,China,Beijing,1057,0,9,0,1046,0
2021/5/13,China,Beijing,1057,0,9,0,1046,0
2021/5/14,China,Beijing,1057,0,9,0,1046,0
2021/5/15,China,Beijing,1057,0,9,0,1046,0
2021/5/16,China,Beijing,1057,0,9,0,1046,0
2021/5/17,China,Beijing,1057,0,9,0,1046,0
2021/5/18,China,Beijing,1057,0,9,0,1046,0
2021/5/19,China,Beijing,1057,0,9,0,1046,0
2021/5/20,China,Beijing,1057,0,9,0,1046,0
2021/5/21,China,Beijing,1057,0,9,0,1046,0
2021/5/22,China,Beijing,1058,1,9,0,1046,0
2021/5/23,China,Beijing,1058,0,9,0,1046,0
2021/5/24,China,Beijing,1058,0,9,0,1046,0
2021/5/25,China,Beijing,1058,0,9,0,1046,0
2021/5/26,China,Beijing,1059,1,9,0,1046,0
2021/5/27,China,Beijing,1059,0,9,0,1046,0
2021/5/28,China,Beijing,1059,0,9,0,1046,0
2021/5/29,China,Beijing,1059,0,9,0,1046,0
2021/5/30,China,Beijing,1059,0,9,0,1046,0
2021/5/31,China,Beijing,1059,0,9,0,1046,0
2021/6/1,China,Beijing,1059,0,9,0,1046,0
2021/6/2,China,Beijing,1060,1,9,0,1046,0
2021/6/3,China,Beijing,1061,1,9,0,1046,0
2021/6/4,China,Beijing,1063,2,9,0,1046,0
2021/6/5,China,Beijing,1064,1,9,0,1046,0
2021/6/6,China,Beijing,1064,0,9,0,1046,0
2021/6/7,China,Beijing,1065,1,9,0,1046,0
2021/6/8,China,Beijing,1067,2,9,0,1046,0
2021/6/9,China,Beijing,1067,0,9,0,1047,1
2021/6/10,China,Beijing,1068,1,9,0,1047,0
2021/6/11,China,Beijing,1069,1,9,0,1048,1
2021/6/12,China,Beijing,1069,0,9,0,1048,0
2021/6/13,China,Beijing,1070,1,9,0,1048,0
2021/6/14,China,Beijing,1071,1,9,0,1048,0
2021/6/15,China,Beijing,1071,0,9,0,1048,0
2021/6/16,China,Beijing,1072,1,9,0,1048,0
2021/6/17,China,Beijing,1072,0,9,0,1048,0
2021/6/18,China,Beijing,1073,1,9,0,1048,0
2021/6/19,China,Beijing,1073,0,9,0,1048,0
2021/6/20,China,Beijing,1075,2,9,0,1050,2
2021/6/21,China,Beijing,1075,0,9,0,1051,1
2021/6/22,China,Beijing,1075,0,9,0,1051,0
2021/6/23,China,Beijing,1075,0,9,0,1051,0
2021/6/24,China,Beijing,1076,1,9,0,1051,0
2021/6/25,China,Beijing,1076,0,9,0,1052,1
2021/6/26,China,Beijing,1077,1,9,0,1052,0
2021/6/27,China,Beijing,1079,2,9,0,1054,2
2021/6/28,China,Beijing,1078,0,9,0,1055,1
2021/6/29,China,Beijing,1078,0,9,0,1055,0
2021/6/30,China,Beijing,1078,0,9,0,1057,2
2021/7/1,China,Beijing,1078,0,9,0,1057,0
2021/7/2,China,Beijing,1078,0,9,0,1057,0
2021/7/3,China,Beijing,1078,0,9,0,1058,1
2021/7/4,China,Beijing,1078,0,9,0,1059,1
2021/7/5,China,Beijing,1078,0,9,0,1060,1
2021/7/6,China,Beijing,1078,0,9,0,1060,0
2021/7/7,China,Beijing,1078,0,9,0,1060,0
2021/7/8,China,Beijing,1078,0,9,0,1061,1
2021/7/9,China,Beijing,1078,0,9,0,1061,0
2021/7/10,China,Beijing,1078,0,9,0,1061,0
2021/7/11,China,Beijing,1078,0,9,0,1062,1
2021/7/12,China,Beijing,1079,1,9,0,1063,1
2021/7/13,China,Beijing,1079,0,9,0,1063,0
2021/7/14,China,Beijing,1079,0,9,0,1063,0
2021/7/15,China,Beijing,1079,0,9,0,1063,0
2021/7/16,China,Beijing,1079,0,9,0,1063,0
2021/7/17,China,Beijing,1083,4,9,0,1064,1
2021/7/18,China,Beijing,1084,1,9,0,1064,0
2021/7/19,China,Beijing,1085,1,9,0,1064,0
2021/7/20,China,Beijing,1085,0,9,0,1064,0
2021/7/21,China,Beijing,1085,0,9,0,1065,1
2021/7/22,China,Beijing,1085,0,9,0,1066,1
2021/7/23,China,Beijing,1085,0,9,0,1066,0
2021/7/24,China,Beijing,1085,0,9,0,1066,0
2021/7/25,China,Beijing,1086,1,9,0,1066,0
2021/7/26,China,Beijing,1086,0,9,0,1066,0
2021/7/27,China,Beijing,1087,1,9,0,1066,0
2021/7/28,China,Beijing,1088,1,9,0,1067,1
2021/7/29,China,Beijing,1089,1,9,0,1067,0
2021/7/30,China,Beijing,1089,0,9,0,1067,0
2021/7/31,China,Beijing,1089,0,9,0,1067,0
2021/8/1,China,Beijing,1095,6,9,0,1067,0
2021/8/2,China,Beijing,1096,1,9,0,1067,0
2021/8/3,China,Beijing,1096,0,9,0,1068,1
2021/8/4,China,Beijing,1099,3,9,0,1068,0
2021/8/5,China,Beijing,1099,0,9,0,,
2021/8/6,China,Beijing,1099,0,9,0,,
2021/8/7,China,Beijing,1099,0,9,0,,
2021/8/8,China,Beijing,1102,3,9,0,,
2021/8/9,China,Beijing,1102,0,9,0,,
2021/8/10,China,Beijing,1103,1,9,0,,
2021/8/11,China,Beijing,1103,0,9,0,,
2021/8/12,China,Beijing,1103,0,9,0,,
2021/8/13,China,Beijing,1103,0,9,0,,
2021/8/14,China,Beijing,1103,0,9,0,,
2021/8/15,China,Beijing,1105,2,9,0,,
2021/8/16,China,Beijing,1105,0,9,0,,
2021/8/17,China,Beijing,1107,2,9,0,,
2021/8/18,China,Beijing,1108,1,9,0,,
2021/8/19,China,Beijing,1110,2,9,0,,
2021/8/20,China,Beijing,1112,2,9,0,,
2021/8/21,China,Beijing,1113,1,9,0,,
2021/8/22,China,Beijing,1115,2,9,0,,
2021/8/23,China,Beijing,1115,0,9,0,,
2021/8/24,China,Beijing,1115,0,9,0,,
2021/8/25,China,Beijing,1115,0,9,0,,
2021/8/26,China,Beijing,1115,0,9,0,,
2021/8/27,China,Beijing,1115,0,9,0,,
2021/8/28,China,Beijing,1115,0,9,0,,
2021/8/29,China,Beijing,1115,0,9,0,,
2021/8/30,China,Beijing,1116,1,9,0,,
2021/8/31,China,Beijing,1117,1,9,0,,
2021/9/1,China,Beijing,1117,0,9,0,,
2021/9/2,China,Beijing,1117,0,9,0,,
2021/9/3,China,Beijing,1117,0,9,0,,
2021/9/4,China,Beijing,1118,1,9,0,,
2021/9/5,China,Beijing,1118,0,9,0,,
2021/9/6,China,Beijing,1118,0,9,0,,
2021/9/7,China,Beijing,1118,0,9,0,,
2021/9/8,China,Beijing,1118,0,9,0,,
2021/9/9,China,Beijing,1118,0,9,0,,
2021/9/10,China,Beijing,1118,0,9,0,,
2021/9/11,China,Beijing,1118,0,9,0,,
2021/9/12,China,Beijing,1118,0,9,0,,
2021/9/13,China,Beijing,1119,1,9,0,,
2021/9/14,China,Beijing,1119,0,9,0,,
2021/9/15,China,Beijing,1119,0,9,0,,
2021/9/16,China,Beijing,1119,0,9,0,,
2021/9/17,China,Beijing,1119,0,9,0,,
2021/9/18,China,Beijing,1119,0,9,0,,
2021/9/19,China,Beijing,1119,0,9,0,,
2021/9/20,China,Beijing,1119,0,9,0,,
2021/9/21,China,Beijing,1119,0,9,0,,
2021/9/22,China,Beijing,1119,0,9,0,,
2021/9/23,China,Beijing,1119,0,9,0,,
2021/9/24,China,Beijing,1120,1,9,0,,
2021/9/25,China,Beijing,1120,0,9,0,,
2021/9/26,China,Beijing,1123,3,9,0,,
2021/9/27,China,Beijing,1123,0,9,0,,
2021/9/28,China,Beijing,1123,0,9,0,,
2021/9/29,China,Beijing,1123,0,9,0,,
2021/9/30,China,Beijing,1124,1,9,0,,
2021/10/1,China,Beijing,1124,0,9,0,,
2021/10/2,China,Beijing,1124,0,9,0,,
2021/10/3,China,Beijing,1125,1,9,0,,
2021/10/4,China,Beijing,1125,0,9,0,,
2021/10/5,China,Beijing,1125,0,9,0,,
2021/10/6,China,Beijing,1126,1,9,0,,
2021/10/7,China,Beijing,1126,0,9,0,,
2021/10/8,China,Beijing,1126,0,9,0,,
2021/10/9,China,Beijing,1126,0,9,0,,
2021/10/10,China,Beijing,1126,0,9,0,,
2021/10/11,China,Beijing,1126,0,9,0,,
2021/10/12,China,Beijing,1127,1,9,0,,
2021/10/13,China,Beijing,1127,0,9,0,,
2021/10/14,China,Beijing,1127,0,9,0,,
2021/10/15,China,Beijing,1127,0,9,0,,
2021/10/16,China,Beijing,1128,1,9,0,,
2021/10/17,China,Beijing,1128,0,9,0,,
2021/10/18,China,Beijing,1128,0,9,0,,
2021/10/19,China,Beijing,1129,1,9,0,,
2021/10/20,China,Beijing,1129,0,9,0,,
2021/10/21,China,Beijing,1130,1,9,0,,
2021/10/22,China,Beijing,1136,6,9,0,,
2021/10/23,China,Beijing,1141,5,9,0,,
2021/10/24,China,Beijing,1143,2,9,0,,
2021/10/25,China,Beijing,1147,4,9,0,,
2021/10/26,China,Beijing,1150,3,9,0,,
2021/10/27,China,Beijing,1154,4,9,0,,
2021/10/28,China,Beijing,1157,3,9,0,,
2021/10/29,China,Beijing,1161,4,9,0,,
2021/10/30,China,Beijing,1162,1,9,0,,
2021/10/31,China,Beijing,1162,0,9,0,,
2021/11/1,China,Beijing,1164,2,9,0,,
2021/11/2,China,Beijing,1173,9,9,0,,
2021/11/3,China,Beijing,1173,0,9,0,,
2021/11/4,China,Beijing,1173,0,9,0,,
2021/11/5,China,Beijing,1173,0,9,0,,
2021/11/6,China,Beijing,1174,1,9,0,,
2021/11/7,China,Beijing,1175,1,9,0,,
2021/11/8,China,Beijing,1176,1,9,0,,
2021/11/9,China,Beijing,1177,1,9,0,,
2021/11/10,China,Beijing,1179,2,9,0,,
2021/11/11,China,Beijing,1183,4,9,0,,
2021/11/12,China,Beijing,1185,2,9,0,,
2021/11/13,China,Beijing,1185,0,9,0,,
2021/11/14,China,Beijing,1185,0,9,0,,
2021/11/15,China,Beijing,1186,1,9,0,,
2021/11/16,China,Beijing,1187,1,9,0,,
2021/11/17,China,Beijing,1190,3,9,0,,
2021/11/18,China,Beijing,1190,0,9,0,,
2021/11/19,China,Beijing,1190,0,9,0,,
2021/11/20,China,Beijing,1191,1,9,0,,
2021/11/21,China,Beijing,1191,0,9,0,,
2021/11/22,China,Beijing,1191,0,9,0,,
2021/11/23,China,Beijing,1191,0,9,0,,
2021/11/24,China,Beijing,1191,0,9,0,,
2021/11/25,China,Beijing,1191,0,9,0,,
2021/11/26,China,Beijing,1191,0,9,0,,
2021/11/27,China,Beijing,1191,0,9,0,,
2021/11/28,China,Beijing,1191,0,9,0,,
2021/11/29,China,Beijing,1191,0,9,0,,
2021/11/30,China,Beijing,1191,0,9,0,,
2021/12/1,China,Beijing,1191,0,9,0,,
2021/12/2,China,Beijing,1194,3,9,0,,
2021/12/3,China,Beijing,1194,0,9,0,,
2021/12/4,China,Beijing,1194,0,9,0,,
2021/12/5,China,Beijing,1194,0,9,0,,
2021/12/6,China,Beijing,1195,1,9,0,,
2021/12/7,China,Beijing,1195,0,9,0,,
2021/12/8,China,Beijing,1195,0,9,0,,
2021/12/9,China,Beijing,1196,1,9,0,,
2021/12/10,China,Beijing,1196,0,9,0,,
2021/12/11,China,Beijing,1196,0,9,0,,
2021/12/12,China,Beijing,1198,2,9,0,,
2021/12/13,China,Beijing,1198,0,9,0,,
2021/12/14,China,Beijing,1198,0,9,0,,
2021/12/15,China,Beijing,1198,0,9,0,,
2021/12/16,China,Beijing,1199,1,9,0,,
2021/12/17,China,Beijing,1200,1,9,0,,
2021/12/18,China,Beijing,1200,0,9,0,,
2021/12/19,China,Beijing,1204,4,9,0,,
2021/12/20,China,Beijing,1205,1,9,0,,
2021/12/21,China,Beijing,1205,0,9,0,,
2021/12/22,China,Beijing,1205,0,9,0,,
2021/12/23,China,Beijing,1205,0,9,0,,
2021/12/24,China,Beijing,1205,0,9,0,,
2021/12/25,China,Beijing,1206,1,9,0,,
2021/12/26,China,Beijing,1208,2,9,0,,
2021/12/27,China,Beijing,1208,0,9,0,,
2021/12/28,China,Beijing,1208,0,9,0,,
2021/12/29,China,Beijing,1209,1,9,0,,
2021/12/30,China,Beijing,1209,0,9,0,,
2021/12/31,China,Beijing,1211,2,9,0,,
2022/1/1,China,Beijing,1211,0,9,0,,
2022/1/2,China,Beijing,1215,4,9,0,,
2022/1/3,China,Beijing,1215,0,9,0,,
2022/1/4,China,Beijing,1216,1,9,0,,
2022/1/5,China,Beijing,1216,0,9,0,,
2022/1/6,China,Beijing,1217,1,9,0,,
2022/1/7,China,Beijing,1217,0,9,0,,
2022/1/8,China,Beijing,1218,1,9,0,,
2022/1/9,China,Beijing,1218,0,9,0,,
2022/1/10,China,Beijing,1219,1,9,0,,
2022/1/11,China,Beijing,1221,2,9,0,,
2022/1/12,China,Beijing,1222,1,9,0,,
2022/1/13,China,Beijing,1223,1,9,0,,
2022/1/14,China,Beijing,1223,0,9,0,,
2022/1/15,China,Beijing,1225,2,9,0,,
2022/1/16,China,Beijing,1226,1,9,0,,
2022/1/17,China,Beijing,1230,4,9,0,,
2022/1/18,China,Beijing,1236,6,9,0,,
2022/1/19,China,Beijing,1240,4,9,0,,
2022/1/20,China,Beijing,1247,7,9,0,,
2022/1/21,China,Beijing,1258,11,9,0,,
2022/1/22,China,Beijing,1267,9,9,0,,
2022/1/23,China,Beijing,1274,7,9,0,,
2022/1/24,China,Beijing,1282,8,9,0,,
2022/1/25,China,Beijing,1298,16,9,0,,
2022/1/26,China,Beijing,1303,5,9,0,,
2022/1/27,China,Beijing,1313,10,9,0,,
2022/1/28,China,Beijing,1318,5,9,0,,
2022/1/29,China,Beijing,1341,23,9,0,,
2022/1/30,China,Beijing,1344,3,9,0,,
2022/1/31,China,Beijing,1348,4,9,0,,
2022/2/1,China,Beijing,1351,3,9,0,,
2022/2/2,China,Beijing,1355,4,9,0,,
2022/2/3,China,Beijing,1357,2,9,0,,
2022/2/4,China,Beijing,1358,1,9,0,,
2022/2/5,China,Beijing,1359,1,9,0,,
2022/2/6,China,Beijing,1363,4,9,0,,
2022/2/7,China,Beijing,1364,1,9,0,,
2022/2/8,China,Beijing,1365,1,9,0,,
2022/2/9,China,Beijing,1365,0,9,0,,
2022/2/10,China,Beijing,1365,0,9,0,,
2022/2/11,China,Beijing,1365,0,9,0,,
2022/2/12,China,Beijing,1367,2,9,0,,
2022/2/13,China,Beijing,1367,0,9,0,,
2022/2/14,China,Beijing,1368,1,9,0,,
2022/2/15,China,Beijing,1368,0,9,0,,
2022/2/16,China,Beijing,1368,0,9,0,,
2022/2/17,China,Beijing,1368,0,9,0,,
2022/2/18,China,Beijing,1372,4,9,0,,
2022/2/19,China,Beijing,1378,6,9,0,,
2022/2/20,China,Beijing,1387,9,9,0,,
2022/2/21,China,Beijing,1395,8,9,0,,
2022/2/22,China,Beijing,1413,18,9,0,,
2022/2/23,China,Beijing,1422,9,9,0,,
2022/2/24,China,Beijing,1432,10,9,0,,
2022/2/25,China,Beijing,1437,5,9,0,,
2022/2/26,China,Beijing,1447,10,9,0,,
2022/2/27,China,Beijing,1467,20,9,0,,
2022/2/28,China,Beijing,1479,12,9,0,,
2022/3/1,China,Beijing,1484,5,9,0,,
2022/3/2,China,Beijing,1495,11,9,0,,
2022/3/3,China,Beijing,1504,9,9,0,,
2022/3/4,China,Beijing,1513,9,9,0,,
2022/3/5,China,Beijing,1526,13,9,0,,
2022/3/6,China,Beijing,1532,6,9,0,,
2022/3/7,China,Beijing,1554,22,9,0,,
2022/3/8,China,Beijing,1565,11,9,0,,
2022/3/9,China,Beijing,1583,18,9,0,,
2022/3/10,China,Beijing,1603,20,9,0,,
2022/3/11,China,Beijing,1609,6,9,0,,
2022/3/12,China,Beijing,1627,18,9,0,,
2022/3/13,China,Beijing,1636,9,9,0,,
2022/3/14,China,Beijing,1651,15,9,0,,
2022/3/15,China,Beijing,1663,12,9,0,,
2022/3/16,China,Beijing,1675,12,9,0,,
2022/3/17,China,Beijing,1689,14,9,0,,
2022/3/18,China,Beijing,1700,11,9,0,,
2022/3/19,China,Beijing,1715,15,9,0,,
2022/3/20,China,Beijing,1723,8,9,0,,
2022/3/21,China,Beijing,1733,10,9,0,,
2022/3/22,China,Beijing,1738,5,9,0,,
2022/3/23,China,Beijing,1742,4,9,0,,
2022/3/24,China,Beijing,1747,5,9,0,,
2022/3/25,China,Beijing,1755,8,9,0,,
2022/3/26,China,Beijing,1757,2,9,0,,
2022/3/27,China,Beijing,1759,2,9,0,,
2022/3/28,China,Beijing,1762,3,9,0,,
2022/3/29,China,Beijing,1765,3,9,0,,
2022/3/30,China,Beijing,1767,2,9,0,,
2022/3/31,China,Beijing,1769,2,9,0,,
2022/4/1,China,Beijing,1777,8,9,0,,
2022/4/2,China,Beijing,1777,0,9,0,,
2022/4/3,China,Beijing,1781,4,9,0,,
2022/4/4,China,Beijing,1791,10,9,0,,
2022/4/5,China,Beijing,1795,4,9,0,,
2022/4/6,China,Beijing,1800,5,9,0,,
2022/4/7,China,Beijing,1809,9,9,0,,
2022/4/8,China,Beijing,1817,8,9,0,,
2022/4/9,China,Beijing,1821,4,9,0,,
2022/4/10,China,Beijing,1822,1,9,0,,
2022/4/11,China,Beijing,1826,4,9,0,,
2022/4/12,China,Beijing,1826,0,9,0,,
2022/4/13,China,Beijing,1828,2,9,0,,
2022/4/14,China,Beijing,1831,3,9,0,,
2022/4/15,China,Beijing,1832,1,9,0,,
2022/4/16,China,Beijing,1832,0,9,0,,
2022/4/17,China,Beijing,1839,7,9,0,,
2022/4/18,China,Beijing,1842,3,9,0,,
2022/4/19,China,Beijing,1844,2,9,0,,
2022/4/20,China,Beijing,1845,1,9,0,,
2022/4/21,China,Beijing,1846,1,9,0,,
2022/4/22,China,Beijing,1854,8,9,0,,
2022/4/23,China,Beijing,1876,22,9,0,,
2022/4/24,China,Beijing,1891,15,9,0,,
2022/4/25,China,Beijing,1923,32,9,0,,
2022/4/26,China,Beijing,1954,31,9,0,,
2022/4/27,China,Beijing,2003,49,9,0,,
2022/4/28,China,Beijing,2052,49,9,0,,
2022/4/29,China,Beijing,2102,50,9,0,,
2022/4/30,China,Beijing,2155,53,9,0,,
2022/5/1,China,Beijing,2191,36,9,0,,
2022/5/2,China,Beijing,2242,51,9,0,,
2022/5/3,China,Beijing,2289,47,9,0,,
2022/5/4,China,Beijing,2332,43,9,0,,
2022/5/5,China,Beijing,2387,55,9,0,,
2022/5/6,China,Beijing,2433,46,9,0,,
2022/5/7,China,Beijing,2477,44,9,0,,
2022/5/8,China,Beijing,2510,33,9,0,,
2022/5/9,China,Beijing,2572,62,9,0,,
2022/5/10,China,Beijing,2597,25,9,0,,
2022/5/11,China,Beijing,2632,35,9,0,,
2022/5/12,China,Beijing,2675,43,9,0,,
2022/5/13,China,Beijing,2707,32,9,0,,
2022/5/14,China,Beijing,2740,33,9,0,,
2022/5/15,China,Beijing,2779,39,9,0,,
2022/5/16,China,Beijing,2822,43,9,0,,
2022/5/17,China,Beijing,2874,52,9,0,,
2022/5/18,China,Beijing,2924,50,9,0,,
2022/5/19,China,Beijing,2975,51,9,0,,
2022/5/20,China,Beijing,3033,58,9,0,,
2022/5/21,China,Beijing,3085,52,9,0,,
2022/5/22,China,Beijing,3168,83,9,0,,
2022/5/23,China,Beijing,3209,41,9,0,,
2022/5/24,China,Beijing,3250,41,9,0,,
2022/5/25,China,Beijing,3287,37,9,0,,
2022/5/26,China,Beijing,3310,23,9,0,,
2022/5/27,China,Beijing,3330,20,9,0,,
2022/5/28,China,Beijing,3344,14,9,0,,
2022/5/29,China,Beijing,3352,8,9,0,,
2022/5/30,China,Beijing,3368,16,9,0,,
2022/5/31,China,Beijing,3382,14,9,0,,
2022/6/1,China,Beijing,3382,0,9,0,,
2022/6/2,China,Beijing,3401,19,9,0,,
2022/6/3,China,Beijing,3410,9,9,0,,
2022/6/4,China,Beijing,3410,0,9,0,,
2022/6/5,China,Beijing,3432,22,9,0,,
2022/6/6,China,Beijing,3432,0,9,0,,
2022/6/7,China,Beijing,3436,4,9,0,,
2022/6/8,China,Beijing,3438,2,9,0,,
2022/6/9,China,Beijing,3447,9,9,0,,
2022/6/10,China,Beijing,3486,39,9,0,,
2022/6/11,China,Beijing,3520,34,9,0,,
2022/6/12,China,Beijing,3549,29,9,0,,
2022/6/13,China,Beijing,3591,42,9,0,,
2022/6/14,China,Beijing,3616,25,9,0,,
2022/6/15,China,Beijing,3631,15,9,0,,
2022/6/16,China,Beijing,3644,13,9,0,,
2022/6/17,China,Beijing,3646,2,9,0,,
2022/6/18,China,Beijing,3647,1,9,0,,
2022/6/19,China,Beijing,3651,4,9,0,,
2022/6/20,China,Beijing,3655,4,9,0,,
2022/6/21,China,Beijing,3660,5,9,0,,
2022/6/22,China,Beijing,3664,4,9,0,,
2022/6/23,China,Beijing,3669,5,9,0,,
2022/6/24,China,Beijing,3674,5,9,0,,
2022/6/25,China,Beijing,3675,1,9,0,,
2022/6/26,China,Beijing,3678,3,9,0,,
2022/6/27,China,Beijing,3679,1,9,0,,
2022/6/28,China,Beijing,3680,1,9,0,,
2022/6/29,China,Beijing,3683,3,9,0,,
2022/6/30,China,Beijing,3683,0,9,0,,
2022/7/1,China,Beijing,3683,0,9,0,,
2022/7/2,China,Beijing,3684,1,9,0,,
2022/7/3,China,Beijing,3685,1,9,0,,
2022/7/4,China,Beijing,3689,4,9,0,,
2022/7/5,China,Beijing,3696,7,9,0,,
2022/7/6,China,Beijing,3702,6,9,0,,
2022/7/7,China,Beijing,3702,0,9,0,,
2022/7/8,China,Beijing,3705,3,9,0,,
2022/7/9,China,Beijing,3708,3,9,0,,
2022/7/10,China,Beijing,3710,2,9,0,,
2022/7/11,China,Beijing,3710,0,9,0,,
2022/7/12,China,Beijing,3710,0,9,0,,
2022/7/13,China,Beijing,3710,0,9,0,,
2022/7/14,China,Beijing,3710,0,9,0,,
2022/7/15,China,Beijing,3712,2,9,0,,
2022/7/16,China,Beijing,3714,2,9,0,,
2022/7/17,China,Beijing,3715,1,9,0,,
2022/7/18,China,Beijing,3719,4,9,0,,
2022/7/19,China,Beijing,3722,3,9,0,,
2022/7/20,China,Beijing,3724,2,9,0,,
2022/7/21,China,Beijing,3727,3,9,0,,
2022/7/22,China,Beijing,3729,2,9,0,,
2022/7/23,China,Beijing,3731,2,9,0,,
2022/7/24,China,Beijing,3736,5,9,0,,
2022/7/25,China,Beijing,3738,2,9,0,,
2022/7/26,China,Beijing,3738,0,9,0,,
2022/7/27,China,Beijing,3738,0,9,0,,
2022/7/28,China,Beijing,3740,2,9,0,,
2022/7/29,China,Beijing,3745,5,9,0,,
2022/7/30,China,Beijing,3749,4,9,0,,
2022/7/31,China,Beijing,3755,6,9,0,,
2022/8/1,China,Beijing,3758,3,9,0,,
2022/8/2,China,Beijing,3764,6,9,0,,
2022/8/3,China,Beijing,3765,1,9,0,,
2022/8/4,China,Beijing,3768,3,9,0,,
2022/8/5,China,Beijing,3773,5,9,0,,
2022/8/6,China,Beijing,3784,11,9,0,,
2022/8/7,China,Beijing,3790,6,9,0,,
2022/8/8,China,Beijing,3799,9,9,0,,
2022/8/9,China,Beijing,3803,4,9,0,,
2022/8/10,China,Beijing,3812,9,9,0,,
2022/8/11,China,Beijing,3816,4,9,0,,
2022/8/12,China,Beijing,3825,9,9,0,,
2022/8/13,China,Beijing,3840,15,9,0,,
2022/8/14,China,Beijing,3856,16,9,0,,
2022/8/15,China,Beijing,3872,16,9,0,,
2022/8/16,China,Beijing,3894,22,9,0,,
2022/8/17,China,Beijing,3905,11,9,0,,
2022/8/18,China,Beijing,3910,5,9,0,,
2022/8/19,China,Beijing,3924,14,9,0,,
2022/8/20,China,Beijing,3934,10,9,0,,
2022/8/21,China,Beijing,3944,10,9,0,,
2022/8/22,China,Beijing,3947,3,9,0,,
2022/8/23,China,Beijing,3950,3,9,0,,
2022/8/24,China,Beijing,3952,2,9,0,,
2022/8/25,China,Beijing,3956,4,9,0,,
2022/8/26,China,Beijing,3964,8,9,0,,
2022/8/27,China,Beijing,3969,5,9,0,,
2022/8/28,China,Beijing,3971,2,9,0,,
2022/8/29,China,Beijing,3974,3,9,0,,
2022/8/30,China,Beijing,3978,4,9,0,,
2022/8/31,China,Beijing,3982,4,9,0,,
2022/9/1,China,Beijing,3984,2,9,0,,
2022/9/2,China,Beijing,3992,8,9,0,,
2022/9/3,China,Beijing,3999,7,9,0,,
2022/9/4,China,Beijing,4002,3,9,0,,
2022/9/5,China,Beijing,4007,5,9,0,,
2022/9/6,China,Beijing,4025,18,9,0,,
2022/9/7,China,Beijing,4038,13,9,0,,
2022/9/8,China,Beijing,4059,21,9,0,,
2022/9/9,China,Beijing,4077,18,9,0,,
2022/9/10,China,Beijing,4088,11,9,0,,
2022/9/11,China,Beijing,4105,17,9,0,,
2022/9/12,China,Beijing,4117,12,9,0,,
2022/9/13,China,Beijing,4137,20,9,0,,
2022/9/14,China,Beijing,4141,4,9,0,,
2022/9/15,China,Beijing,4146,5,9,0,,
2022/9/16,China,Beijing,4153,7,9,0,,
2022/9/17,China,Beijing,4155,2,9,0,,
2022/9/18,China,Beijing,4160,5,9,0,,
2022/9/19,China,Beijing,4168,8,9,0,,
2022/9/20,China,Beijing,4175,7,9,0,,
2022/9/21,China,Beijing,4181,6,9,0,,
2022/9/22,China,Beijing,4184,3,9,0,,
2022/9/23,China,Beijing,4186,2,9,0,,
2022/9/24,China,Beijing,4193,7,9,0,,
2022/9/25,China,Beijing,4196,3,9,0,,
2022/9/26,China,Beijing,4208,12,9,0,,
2022/9/27,China,Beijing,4210,2,9,0,,
2022/9/28,China,Beijing,4215,5,9,0,,
2022/9/29,China,Beijing,4221,6,9,0,,
2022/9/30,China,Beijing,4227,6,9,0,,
2022/10/1,China,Beijing,4234,7,9,0,,
2022/10/2,China,Beijing,4240,6,9,0,,
2022/10/3,China,Beijing,4250,10,9,0,,
2022/10/4,China,Beijing,4258,8,9,0,,
2022/10/5,China,Beijing,4268,10,9,0,,
2022/10/6,China,Beijing,4278,10,9,0,,
2022/10/7,China,Beijing,4288,10,9,0,,
2022/10/8,China,Beijing,4303,15,9,0,,
2022/10/9,China,Beijing,4321,18,9,0,,
2022/10/10,China,Beijing,4337,16,9,0,,
2022/10/11,China,Beijing,4350,13,9,0,,
2022/10/12,China,Beijing,4364,14,9,0,,
2022/10/13,China,Beijing,4382,18,9,0,,
2022/10/14,China,Beijing,4404,22,9,0,,
2022/10/15,China,Beijing,4432,28,9,0,,
2022/10/16,China,Beijing,4451,19,9,0,,
2022/10/17,China,Beijing,4468,17,9,0,,
2022/10/18,China,Beijing,4505,37,9,0,,
2022/10/19,China,Beijing,4524,19,9,0,,
2022/10/20,China,Beijing,4542,18,9,0,,
2022/10/21,China,Beijing,4567,25,9,0,,
2022/10/22,China,Beijing,4578,11,9,0,,
2022/10/23,China,Beijing,4592,14,9,0,,
2022/10/24,China,Beijing,4611,19,9,0,,
2022/10/25,China,Beijing,4637,26,9,0,,
2022/10/26,China,Beijing,4652,15,9,0,,
2022/10/27,China,Beijing,4663,11,9,0,,
2022/10/28,China,Beijing,4663,0,9,0,,
2022/10/29,China,Beijing,4688,25,9,0,,
2022/10/30,China,Beijing,4705,17,9,0,,
2022/10/31,China,Beijing,4723,18,9,0,,
2022/11/1,China,Beijing,4756,33,9,0,,
2022/11/2,China,Beijing,4823,67,9,0,,
2022/11/3,China,Beijing,4861,38,9,0,,
2022/11/4,China,Beijing,4902,41,9,0,,
2022/11/5,China,Beijing,4951,49,9,0,,
2022/11/6,China,Beijing,4995,44,9,0,,
2022/11/7,China,Beijing,5031,36,9,0,,
2022/11/8,China,Beijing,5069,38,9,0,,
2022/11/9,China,Beijing,5107,38,9,0,,
2022/11/10,China,Beijing,5171,64,9,0,,
2022/11/11,China,Beijing,5241,70,9,0,,
2022/11/12,China,Beijing,5403,162,9,0,,
2022/11/13,China,Beijing,5643,240,9,0,,
2022/11/14,China,Beijing,5945,302,9,0,,
2022/11/15,China,Beijing,6147,202,9,0,,
2022/11/16,China,Beijing,6319,172,9,0,,
2022/11/17,China,Beijing,6420,101,9,0,,
2022/11/18,China,Beijing,6504,84,9,0,,
2022/11/19,China,Beijing,6578,74,10,1,,
2022/11/20,China,Beijing,6735,157,12,2,,
2022/11/21,China,Beijing,7009,274,12,0,,
2022/11/22,China,Beijing,7405,396,12,0,,
2022/11/23,China,Beijing,7922,517,13,1,,
2022/11/24,China,Beijing,8354,432,13,0,,
2022/11/25,China,Beijing,8941,587,13,0,,
2022/11/26,China,Beijing,9691,750,13,0,,
2022/11/27,China,Beijing,10547,856,13,0,,
2022/11/28,China,Beijing,11520,973,13,0,,
2022/11/29,China,Beijing,11520,0,13,0,,
2022/11/30,China,Beijing,13840,2320,13,0,,
2022/12/1,China,Beijing,14788,948,13,0,,
2022/12/2,China,Beijing,15493,705,13,0,,
2022/12/3,China,Beijing,16205,712,13,0,,
2022/12/4,China,Beijing,17236,1031,13,0,,
2022/12/5,China,Beijing,18401,1165,13,0,,
2022/12/6,China,Beijing,18401,0,13,0,,
2022/12/7,China,Beijing,20761,2360,13,0,,
2022/12/8,China,Beijing,21951,1190,13,0,,
2022/12/9,China,Beijing,22879,928,13,0,,
2022/12/10,China,Beijing,23667,788,13,0,,
2022/12/11,China,Beijing,24200,533,13,0,,
2022/12/12,China,Beijing,24767,567,13,0,,
2022/12/13,China,Beijing,25249,482,13,0,,
2022/12/14,China,Beijing,25249,0,13,0,,
2022/12/15,China,Beijing,25249,0,13,0,,
2022/12/16,China,Beijing,25249,0,13,0,,
2022/12/17,China,Beijing,26660,1411,13,0,,
2022/12/18,China,Beijing,27063,403,13,0,,
2022/12/19,China,Beijing,27845,782,20,7,,
2022/12/20,China,Beijing,27845,0,20,0,,
2022/12/21,China,Beijing,28860,1015,20,0,,
2022/12/22,China,Beijing,29410,550,20,0,,
2022/12/23,China,Beijing,29994,584,20,0,,
2022/12/24,China,Beijing,30301,307,20,0,,
2022/12/25,China,Beijing,30643,342,20,0,,
2022/12/26,China,Beijing,31273,630,20,0,,
2022/12/27,China,Beijing,32167,894,20,0,,
2022/12/28,China,Beijing,33163,996,20,0,,
2022/12/29,China,Beijing,34071,908,20,0,,
2022/12/30,China,Beijing,35308,1237,20,0,,
2022/12/31,China,Beijing,36026,718,20,0,,
2023/1/1,China,Beijing,36466,440,20,0,,
2023/1/2,China,Beijing,36877,411,20,0,,
2023/1/3,China,Beijing,37697,820,20,0,,
2023/1/4,China,Beijing,38495,798,20,0,,
2023/1/5,China,Beijing,39335,840,20,0,,
2023/1/6,China,Beijing,40243,908,20,0,,
2023/1/7,China,Beijing,40546,303,20,0,,
2023/1/8,China,Beijing,40774,228,20,0,,
2023/1/9,China,Beijing,40774,0,20,0,,
2023/1/10,China,Beijing,40774,0,20,0,,
2023/1/11,China,Beijing,40774,0,20,0,,
2023/1/12,China,Beijing,40774,0,20,0,,
2023/1/13,China,Beijing,40774,0,20,0,,
2023/1/14,China,Beijing,40774,0,20,0,,
2023/1/15,China,Beijing,40774,0,20,0,,
2023/1/16,China,Beijing,40774,0,20,0,,
2023/1/17,China,Beijing,40774,0,20,0,,
2023/1/18,China,Beijing,40774,0,20,0,,
2023/1/19,China,Beijing,40774,0,20,0,,
2023/1/20,China,Beijing,40774,0,20,0,,
2023/1/21,China,Beijing,40774,0,20,0,,
2023/1/22,China,Beijing,40774,0,20,0,,
2023/1/23,China,Beijing,40774,0,20,0,,
2023/1/24,China,Beijing,40774,0,20,0,,
2023/1/25,China,Beijing,40774,0,20,0,,
2023/1/26,China,Beijing,40774,0,20,0,,
2023/1/27,China,Beijing,40774,0,20,0,,
2023/1/28,China,Beijing,40774,0,20,0,,
2023/1/29,China,Beijing,40774,0,20,0,,
2023/1/30,China,Beijing,40774,0,20,0,,
2023/1/31,China,Beijing,40774,0,20,0,,
2023/2/1,China,Beijing,40774,0,20,0,,
2023/2/2,China,Beijing,40774,0,20,0,,
2023/2/3,China,Beijing,40774,0,20,0,,
2023/2/4,China,Beijing,40774,0,20,0,,
2023/2/5,China,Beijing,40774,0,20,0,,
2023/2/6,China,Beijing,40774,0,20,0,,
2023/2/7,China,Beijing,40774,0,20,0,,
2023/2/8,China,Beijing,40774,0,20,0,,
2023/2/9,China,Beijing,40774,0,20,0,,
2023/2/10,China,Beijing,40774,0,20,0,,
2023/2/11,China,Beijing,40774,0,20,0,,
2023/2/12,China,Beijing,40774,0,20,0,,
2023/2/13,China,Beijing,40774,0,20,0,,
2023/2/14,China,Beijing,40774,0,20,0,,
2023/2/15,China,Beijing,40774,0,20,0,,
2023/2/16,China,Beijing,40774,0,20,0,,
2023/2/17,China,Beijing,40774,0,20,0,,
2023/2/18,China,Beijing,40774,0,20,0,,
2023/2/19,China,Beijing,40774,0,20,0,,
2023/2/20,China,Beijing,40774,0,20,0,,
2023/2/21,China,Beijing,40774,0,20,0,,
2023/2/22,China,Beijing,40774,0,20,0,,
2023/2/23,China,Beijing,40774,0,20,0,,
2023/2/24,China,Beijing,40774,0,20,0,,
2023/2/25,China,Beijing,40774,0,20,0,,
2023/2/26,China,Beijing,40774,0,20,0,,
2023/2/27,China,Beijing,40774,0,20,0,,
2023/2/28,China,Beijing,40774,0,20,0,,
2023/3/1,China,Beijing,40774,0,20,0,,
2023/3/2,China,Beijing,40774,0,20,0,,
2023/3/3,China,Beijing,40774,0,20,0,,
2023/3/4,China,Beijing,40774,0,20,0,,
2023/3/5,China,Beijing,40774,0,20,0,,
2023/3/6,China,Beijing,40774,0,20,0,,
2023/3/7,China,Beijing,40774,0,20,0,,
2023/3/8,China,Beijing,40774,0,20,0,,
2023/3/9,China,Beijing,40774,0,20,0,,
